{"cameraMode":{"drawMode":0,"name":"Shaded","section":"Shading Mode"},"sceneLighting":true,"audioPlay":false,"sceneViewState":{"showFog":true,"showMaterialUpdate":false,"showSkybox":true,"showFlares":true,"showImageEffects":true,"showParticleSystems":true},"in2DMode":false,"pivot":{"x":0.5160274505615234,"y":1.386489748954773,"z":-15.229999542236329},"rotation":{"x":-0.3242242634296417,"y":-0.024974260479211808,"z":0.008561821654438973,"w":-0.9456150531768799},"size":4.166025161743164,"orthographic":false}